{"count":1,"self":678.705664,"total":2090.0771196,"children":{"InitializeActuators":{"count":1,"self":0.0019947999999999997,"total":0.0019947999999999997,"children":null},"InitializeSensors":{"count":1,"self":0.0019947999999999997,"total":0.0019947999999999997,"children":null},"AgentSendState":{"count":1491934,"self":10.65822,"total":20.995953699999998,"children":{"CollectObservations":{"count":298387,"self":1.3937586,"total":1.3937586,"children":null},"WriteActionMask":{"count":298387,"self":0.2762242,"total":0.2762242,"children":null},"RequestDecision":{"count":298387,"self":1.897996,"total":8.6677509999999991,"children":{"AgentInfo.ToProto":{"count":298387,"self":1.4999288,"total":6.7697549,"children":{"GenerateSensorData":{"count":298387,"self":4.6337823999999994,"total":5.2698260999999995,"children":{"RayPerceptionSensor.Perceive":{"count":298387,"self":0.6360435,"total":0.6360435,"children":null}}}}}}}}},"DecideAction":{"count":1491934,"self":1386.9943808,"total":1386.9944174999998,"children":null},"AgentAct":{"count":1491934,"self":3.3760888,"total":3.3760887,"children":null}},"gauges":{},"metadata":{"timer_format_version":"0.1.0","start_time_seconds":"1715039246","unity_version":"2021.3.5f1","command_line_arguments":"C:\\Program Files\\Unity\\Hub\\Editor\\2021.3.5f1\\Editor\\Unity.exe -projectpath C:\\Users\\Chonkles Scoot\\Documents\\GitHub\\Prog3 -useHub -hubIPC -cloudEnvironment production","communication_protocol_version":"1.5.0","com.unity.ml-agents_version":"2.3.0-exp.3","scene_name":"Training Tracks","end_time_seconds":"1715041336"}}