{
    "name": "root",
    "gauges": {
        "NPCcar.Policy.Entropy.mean": {
            "value": 1.3733571767807007,
            "min": 1.3733571767807007,
            "max": 1.4184916019439697,
            "count": 14
        },
        "NPCcar.Policy.Entropy.sum": {
            "value": 27423.1953125,
            "min": 27423.1953125,
            "max": 28415.22265625,
            "count": 14
        },
        "NPCcar.Step.mean": {
            "value": 279936.0,
            "min": 19968.0,
            "max": 279936.0,
            "count": 14
        },
        "NPCcar.Step.sum": {
            "value": 279936.0,
            "min": 19968.0,
            "max": 279936.0,
            "count": 14
        },
        "NPCcar.Policy.ExtrinsicValueEstimate.mean": {
            "value": 0.0014793692389503121,
            "min": -0.09733597189188004,
            "max": 0.009636916220188141,
            "count": 14
        },
        "NPCcar.Policy.ExtrinsicValueEstimate.sum": {
            "value": 0.46156319975852966,
            "min": -30.36882209777832,
            "max": 3.01635479927063,
            "count": 14
        },
        "NPCcar.Losses.PolicyLoss.mean": {
            "value": 0.04409493707194805,
            "min": 0.040243800986597,
            "max": 0.049443695206382136,
            "count": 14
        },
        "NPCcar.Losses.PolicyLoss.sum": {
            "value": 0.837803804367013,
            "min": 0.7243884177587461,
            "max": 0.8976676031355357,
            "count": 14
        },
        "NPCcar.Losses.ValueLoss.mean": {
            "value": 1.4752839637329391e-06,
            "min": 1.4752839637329391e-06,
            "max": 0.02948530791905391,
            "count": 14
        },
        "NPCcar.Losses.ValueLoss.sum": {
            "value": 2.8030395310925844e-05,
            "min": 2.8030395310925844e-05,
            "max": 0.5307355425429704,
            "count": 14
        },
        "NPCcar.Policy.LearningRate.mean": {
            "value": 0.00028381056539647997,
            "min": 0.00028381056539647997,
            "max": 0.00029937984020671996,
            "count": 14
        },
        "NPCcar.Policy.LearningRate.sum": {
            "value": 0.0053924007425331195,
            "min": 0.005130328409890559,
            "max": 0.005642945299018239,
            "count": 14
        },
        "NPCcar.Policy.Epsilon.mean": {
            "value": 0.19460352,
            "min": 0.19460352,
            "max": 0.19979328,
            "count": 14
        },
        "NPCcar.Policy.Epsilon.sum": {
            "value": 3.69746688,
            "min": 3.51010944,
            "max": 3.78098176,
            "count": 14
        },
        "NPCcar.Policy.Beta.mean": {
            "value": 0.0004735572480000001,
            "min": 0.0004735572480000001,
            "max": 0.0004989870720000001,
            "count": 14
        },
        "NPCcar.Policy.Beta.sum": {
            "value": 0.008997587712000002,
            "min": 0.008559536256,
            "max": 0.009406810623999999,
            "count": 14
        },
        "NPCcar.IsTraining.mean": {
            "value": 1.0,
            "min": 1.0,
            "max": 1.0,
            "count": 14
        },
        "NPCcar.IsTraining.sum": {
            "value": 1.0,
            "min": 1.0,
            "max": 1.0,
            "count": 14
        }
    },
    "metadata": {
        "timer_format_version": "0.1.0",
        "start_time_seconds": "1715039228",
        "python_version": "3.9.19 (main, May  6 2024, 20:12:36) [MSC v.1916 64 bit (AMD64)]",
        "command_line_arguments": "\\\\?\\C:\\ProgramData\\anaconda3\\envs\\mlagents20\\Scripts\\mlagents-learn config/NPCCar.yaml --run-id=NPC_RL --no-graphics",
        "mlagents_version": "0.30.0",
        "mlagents_envs_version": "0.30.0",
        "communication_protocol_version": "1.5.0",
        "pytorch_version": "2.3.0+cu121",
        "numpy_version": "1.21.2",
        "end_time_seconds": "1715041399"
    },
    "total": 2171.1610508,
    "count": 1,
    "self": 0.005960399999821675,
    "children": {
        "run_training.setup": {
            "total": 0.07777179999999984,
            "count": 1,
            "self": 0.07777179999999984
        },
        "TrainerController.start_learning": {
            "total": 2171.0773186,
            "count": 1,
            "self": 4.885496800065539,
            "children": {
                "TrainerController._reset_env": {
                    "total": 21.505185100000002,
                    "count": 1,
                    "self": 21.505185100000002
                },
                "TrainerController.advance": {
                    "total": 2144.545001299935,
                    "count": 298384,
                    "self": 4.767995399917254,
                    "children": {
                        "env_step": {
                            "total": 2034.1251490999541,
                            "count": 298384,
                            "self": 1302.3652420999194,
                            "children": {
                                "SubprocessEnvManager._take_step": {
                                    "total": 728.6966238000255,
                                    "count": 298384,
                                    "self": 14.381781000022102,
                                    "children": {
                                        "TorchPolicy.evaluate": {
                                            "total": 714.3148428000034,
                                            "count": 298384,
                                            "self": 714.3148428000034
                                        }
                                    }
                                },
                                "workers": {
                                    "total": 3.063283200009252,
                                    "count": 298383,
                                    "self": 0.0,
                                    "children": {
                                        "worker_root": {
                                            "total": 2083.2359658000105,
                                            "count": 298383,
                                            "is_parallel": true,
                                            "self": 1047.8765911999726,
                                            "children": {
                                                "steps_from_proto": {
                                                    "total": 0.00024189999999890688,
                                                    "count": 1,
                                                    "is_parallel": true,
                                                    "self": 8.060000000043033e-05,
                                                    "children": {
                                                        "_process_rank_one_or_two_observation": {
                                                            "total": 0.00016129999999847655,
                                                            "count": 4,
                                                            "is_parallel": true,
                                                            "self": 0.00016129999999847655
                                                        }
                                                    }
                                                },
                                                "UnityEnvironment.step": {
                                                    "total": 1035.359132700038,
                                                    "count": 298383,
                                                    "is_parallel": true,
                                                    "self": 17.531184900024755,